{"moslqo":4.2078226574914375,"vnsim":0.87955506474289569,"fvnsim":[0.62630209264089176,0.74847511556606128,0.84028042653194746,0.89018214729754364,0.91794420969335988,0.93098780670080017,0.939739507958903,0.942880853414578,0.94888095872297229,0.94442801303264623,0.93758066445146659,0.92620050321642422,0.89677590239707683,0.86311877702886541,0.87624183951183809,0.8576122510073414,0.8828588436610425,0.89664086199490911,0.89970877859486031,0.90909833889627778,0.9137294132367888,0.92004483174036167,0.91019836632583073,0.92723246292005213,0.93860885790173532,0.93278363902576877,0.92976059891442331,0.93213494814461084,0.86526953923414363,0.76155662501924715,0.71882020984478623,0.71968468714510736],"centerFreqBands":[49.999999999999886,81.109745478891284,115.69044525818458,154.12935817172831,196.85695001935619,244.35171422363277,297.1455303334692,355.82962038287872,421.06116980833417,493.57068707038911,574.17018439774438,663.76227126744868,763.35026245637641,874.04941386100359,997.09941191204348,1133.8782564491312,1285.9176925256813,1454.9203639600605,1642.7788807305128,1851.5970137438549,2083.7132543317621,2341.7270023103479,2628.5276758752188,2947.3270693249428,3301.6953209773378,3695.6008940724087,4133.4550183960437,4620.1610903127912,5161.1695844238111,5762.5390917891109,6431.0041682626979,7174.0507527537266],"patchSims":[{"similarity":0.753658044233182,"freqBandMeans":[0.38439209979181815,0.53734558400215737,0.72468180309871522,0.80040941643785879,0.810762299489413,0.81758097164446475,0.84177474965012722,0.840135963989658,0.84581799230767518,0.84539385282783364,0.840273991178171,0.8240450342752822,0.8893586575497453,0.89572859815655292,0.8740186366168271,0.78099799944497328,0.71190168926616326,0.75319058818626772,0.77025658323925772,0.784046177322581,0.77645432960172467,0.81833406888683968,0.81051448782639091,0.75590285004583391,0.76607952673899926,0.80989107258750836,0.79756927281632006,0.7455873965781854,0.66159045302409669,0.59425661344787573,0.53374905624213809,0.47501559919036429],"refPatchStartTime":0.28,"refPatchEndTime":0.88,"degPatchStartTime":0.28,"degPatchEndTime":0.88},{"similarity":0.88163381694376419,"freqBandMeans":[0.51256547048594969,0.67819173554673418,0.82897046378134776,0.93992133100196651,0.97898312461285952,0.98448488929251254,0.97280848303164269,0.95576053057743571,0.98619495370639954,0.983755778525985,0.97911240497886576,0.96120817476462872,0.930341911691089,0.92236565361684575,0.908128115932813,0.86376032921899626,0.80545113247789635,0.88758832169350343,0.95705470000367865,0.97280881508811767,0.96574286085729433,0.88722076181517739,0.86228402722240916,0.94303706894422512,0.918374353631595,0.91350281936769884,0.96184373681961055,0.96055564843148145,0.86640898796920163,0.65932792037226129,0.61989043549587786,0.64463720124435742],"refPatchStartTime":0.88,"refPatchEndTime":1.4760625,"degPatchStartTime":0.8839375,"degPatchEndTime":1.48},{"similarity":0.88336967291560875,"freqBandMeans":[0.51928977890502148,0.69821400860453631,0.94656977760464467,0.99312476223853341,0.988374370441298,0.98890963405263288,0.98143503374146535,0.97670591993141165,0.97853911990541165,0.97867849194993783,0.96322551341246043,0.93666917336574229,0.9210693861545145,0.90253739884435369,0.86255941337287756,0.787597281763001,0.83673945245103409,0.83331018078630725,0.88482248729266577,0.9659586420563222,0.950900697027683,0.86223657617646532,0.86414877080216812,0.93133069660809165,0.93287525587739739,0.89493821018510544,0.85685926315740946,0.91579428565945,0.95614301711254923,0.75498547148496264,0.68112429957678888,0.722163162757232],"refPatchStartTime":1.48,"refPatchEndTime":2.0764375,"degPatchStartTime":1.4835625,"degPatchEndTime":2.08},{"similarity":0.888654333391252,"freqBandMeans":[0.357191626959309,0.61998725455254622,0.87478283721961236,0.96998090808705451,0.97202390584658893,0.9545889166971937,0.96428886382245793,0.97852327885682455,0.97625605358957734,0.95896552321328754,0.94745312325627862,0.91989945604795431,0.89486541091183447,0.899999804238682,0.897566867084302,0.82145036675051708,0.92316409537424415,0.891339063078436,0.84241066286201172,0.94074275277603647,0.9568405071427436,0.95550315273814745,0.90501109723010764,0.89694938106475341,0.92822798750724256,0.91960815750881353,0.92309288546159773,0.94371087984452684,0.89319028724551941,0.86694508284821292,0.84542590834871423,0.79695257035493627],"refPatchStartTime":2.08,"refPatchEndTime":2.677,"degPatchStartTime":2.083,"degPatchEndTime":2.68},{"similarity":0.95332592325939092,"freqBandMeans":[0.83525287814399052,0.84383141950427221,0.88198876057929,0.89265820753344394,0.8988548474451038,0.89087380893933477,0.90232267877239025,0.94024000876237357,0.95112048361047774,0.94487382087327643,0.95822085525647915,0.985651634449137,0.99246497758467511,0.98000209636425173,0.97662620639645714,0.97015093619560733,0.97310356435345868,0.98692248682431127,0.98535660728343022,0.98819789961410975,0.99435874940275637,0.9953519416950859,0.99725683705397328,0.99937714858393145,0.99844437869482117,0.97647081364271571,0.95056268146803979,0.98337302683404915,0.9851336124197978,0.95208928453426089,0.94701296444867533,0.94828392703652653],"refPatchStartTime":2.68,"refPatchEndTime":3.2800000000000002,"degPatchStartTime":2.68,"degPatchEndTime":3.2800000000000002},{"similarity":0.936654555107988,"freqBandMeans":[0.88723419214593036,0.91741024036164942,0.84966747293699418,0.9073484440944739,0.95832244560051438,0.9634201897896989,0.97460479206092043,0.969600395012965,0.98625466991794186,0.98713688493191554,0.98271824412486586,0.96403192430301077,0.92493789451679931,0.88630607390033422,0.90676723654246083,0.91239231963085532,0.93875602489899168,0.92982817647444982,0.9523268045755755,0.9656654481037279,0.93266489217948456,0.96576227064672937,0.95743423882550038,0.96581325961279352,0.9806225455068458,0.98691551878659689,0.97589393220621712,0.96823770118146579,0.90224140394621821,0.85288377494315226,0.85924255216973111,0.86050379952681066],"refPatchStartTime":3.2800000000000002,"refPatchEndTime":3.8800000000000003,"degPatchStartTime":3.2800000000000002,"degPatchEndTime":3.8800000000000003},{"similarity":0.86395967029270526,"freqBandMeans":[0.62528992483867607,0.74844437684912313,0.75487890526385582,0.75306674620139191,0.880061888854086,0.96152141428730964,0.95607507845806461,0.92452991317706923,0.877734348591487,0.84785923741995262,0.81695389984731182,0.84838828521507237,0.79850448690716369,0.69427960011265522,0.734756453163815,0.80870339860920459,0.87978365935667413,0.89251258296139668,0.85659570217804,0.86471097450768852,0.88303222444758334,0.943033585481741,0.96025129337763415,0.95365015357161387,0.97939949358043887,0.93178050214842056,0.94603445521680285,0.97572715185875214,0.89548897294409635,0.87840259606650717,0.8805199198611563,0.8947382240117866],"refPatchStartTime":3.88,"refPatchEndTime":4.47875,"degPatchStartTime":3.8811875,"degPatchEndTime":4.4799375},{"similarity":0.89203829098605314,"freqBandMeans":[0.841481338037741,0.92213768130056717,0.94642199941126559,0.93397022609727331,0.9436467591067571,0.96055998835565748,0.95040730311880617,0.96967739544810638,0.98522045691690741,0.98097350799622629,0.97577124001625448,0.94402772143403269,0.85231285723065531,0.70744415513635128,0.80438464488132888,0.873164200606651,0.937883008210807,0.96105838040138614,0.95555074776264481,0.89342499861132341,0.93961486111711046,0.92901745682427184,0.90320122067309261,0.94860556777851057,0.97382842063929786,0.98265291023589263,0.978426415871028,0.96509169943735018,0.79812459935171143,0.57980144160470393,0.60797419239038131,0.59936791554960656],"refPatchStartTime":4.48,"refPatchEndTime":5.0795625000000006,"degPatchStartTime":4.4804375000000007,"degPatchEndTime":5.080000000000001},{"similarity":0.862701275556117,